Date;Heure PM Matin;Hauteur PM Matin (m);Heure PM Soir;Hauteur PM Soir (m);Heure BM Matin;Hauteur BM Matin (m);Heure BM Soir;Hauteur BM Soir (m);Coeff. Maree Matin;Coeff. Maree Soir
01/01/2020;07:15:00;3.7;19:42:00;3.35;01:02:00;1.43;13:29:00;1.41;56;51
02/01/2020;08:03:00;3.53;20:38:00;3.23;01:48:00;1.59;14:18:00;1.57;47;43
03/01/2020;09:00:00;3.39;21:43:00;3.17;02:41:00;1.72;15:15:00;1.68;40;38
04/01/2020;10:05:00;3.32;22:51:00;3.21;03:45:00;1.79;16:20:00;1.72;37;37
05/01/2020;11:12:00;3.34;23:53:00;3.33;04:53:00;1.77;17:25:00;1.65;39;42
06/01/2020;12:13:00;3.44; ;  ;05:56:00;1.65;18:21:00;1.51;46;
07/01/2020;00:45:00;3.51;13:06:00;3.6;06:50:00;1.47;19:09:00;1.34;50;55
08/01/2020;01:30:00;3.71;13:52:00;3.78;07:38:00;1.26;19:53:00;1.15;60;66
09/01/2020;02:11:00;3.92;14:35:00;3.95;08:22:00;1.03;20:35:00;0.97;71;76
10/01/2020;02:52:00;4.13;15:17:00;4.11;09:05:00;0.82;21:17:00;0.81;80;85
11/01/2020;03:33:00;4.3;16:00:00;4.21;09:48:00;0.65;22:00:00;0.7;88;91
12/01/2020;04:16:00;4.41;16:44:00;4.25;10:32:00;0.54;22:44:00;0.66;93;95
13/01/2020;05:01:00;4.46;17:29:00;4.22;11:17:00;0.51;23:30:00;0.68;95;95
14/01/2020;05:47:00;4.42;18:17:00;4.11;12:03:00;0.57; ;  ;93;91
15/01/2020;06:37:00;4.31;19:08:00;3.95;00:17:00;0.77;12:52:00;0.71;88;83
16/01/2020;07:30:00;4.13;20:05:00;3.77;01:07:00;0.92;13:44:00;0.91;79;73
17/01/2020;08:29:00;3.92;21:09:00;3.62;02:03:00;1.11;14:44:00;1.13;68;63
18/01/2020;09:37:00;3.73;22:22:00;3.54;03:06:00;1.28;15:52:00;1.3;59;56
19/01/2020;10:54:00;3.62;23:36:00;3.57;04:19:00;1.38;17:05:00;1.38;54;54
20/01/2020;12:10:00;3.61; ;  ;05:34:00;1.38;18:15:00;1.34;55;
21/01/2020;00:42:00;3.69;13:14:00;3.68;06:43:00;1.27;19:15:00;1.24;58;61
22/01/2020;01:36:00;3.85;14:07:00;3.78;07:42:00;1.12;20:06:00;1.11;65;69
23/01/2020;02:23:00;4;14:52:00;3.88;08:32:00;0.97;20:51:00;0.99;72;76
24/01/2020;03:04:00;4.13;15:31:00;3.94;09:16:00;0.85;21:31:00;0.91;79;81
25/01/2020;03:42:00;4.22;16:07:00;3.98;09:55:00;0.78;22:09:00;0.87;83;84
26/01/2020;04:18:00;4.25;16:41:00;3.96;10:32:00;0.77;22:44:00;0.88;84;84
27/01/2020;04:53:00;4.22;17:14:00;3.91;11:07:00;0.81;23:18:00;0.94;84;82
28/01/2020;05:27:00;4.14;17:46:00;3.82;11:41:00;0.9;23:51:00;1.04;80;78
29/01/2020;06:01:00;4.02;18:19:00;3.69;12:14:00;1.04; ;  ;74;71
30/01/2020;06:36:00;3.86;18:53:00;3.55;00:26:00;1.18;12:49:00;1.2;67;63
31/01/2020;07:14:00;3.68;19:33:00;3.4;01:03:00;1.34;13:26:00;1.37;58;54
01/02/2020;07:59:00;3.5;20:24:00;3.26;01:46:00;1.51;14:11:00;1.54;49;45
02/02/2020;08:55:00;3.33;21:31:00;3.18;02:37:00;1.67;15:06:00;1.69;41;38
03/02/2020;10:06:00;3.23;22:49:00;3.19;03:41:00;1.77;16:16:00;1.75;36;35
04/02/2020;11:24:00;3.25; ;  ;05:01:00;1.76;17:32:00;1.68;37;
05/02/2020;00:02:00;3.33;12:34:00;3.4;06:14:00;1.6;18:37:00;1.51;41;46
06/02/2020;01:02:00;3.55;13:31:00;3.63;07:13:00;1.34;19:31:00;1.26;52;59
07/02/2020;01:51:00;3.83;14:19:00;3.88;08:04:00;1.04;20:18:00;0.99;66;73
08/02/2020;02:36:00;4.12;15:03:00;4.13;08:50:00;0.73;21:02:00;0.73;80;87
09/02/2020;03:20:00;4.39;15:47:00;4.33;09:34:00;0.47;21:46:00;0.52;93;98
10/02/2020;04:03:00;4.59;16:30:00;4.45;10:17:00;0.28;22:30:00;0.39;103;106
11/02/2020;04:47:00;4.7;17:13:00;4.46;11:01:00;0.22;23:14:00;0.36;108;108
12/02/2020;05:32:00;4.68;17:58:00;4.36;11:45:00;0.29;23:59:00;0.45;107;105
13/02/2020;06:18:00;4.53;18:44:00;4.17;12:30:00;0.48; ;  ;101;95
14/02/2020;07:07:00;4.28;19:34:00;3.92;00:46:00;0.65;13:17:00;0.77;89;81
15/02/2020;08:00:00;3.95;20:33:00;3.66;01:37:00;0.92;14:10:00;1.1;74;66
16/02/2020;09:05:00;3.63;21:46:00;3.46;02:36:00;1.21;15:16:00;1.41;58;52
17/02/2020;10:28:00;3.4;23:12:00;3.41;03:49:00;1.45;16:36:00;1.59;47;44
18/02/2020;11:59:00;3.35; ;  ;05:15:00;1.53;17:59:00;1.58;44;
19/02/2020;00:28:00;3.51;13:11:00;3.45;06:34:00;1.43;19:06:00;1.44;47;50
20/02/2020;01:27:00;3.69;14:04:00;3.6;07:36:00;1.25;19:58:00;1.25;55;60
21/02/2020;02:14:00;3.87;14:44:00;3.75;08:24:00;1.07;20:40:00;1.08;66;70
22/02/2020;02:52:00;4.03;15:18:00;3.87;09:03:00;0.91;21:17:00;0.93;75;78
23/02/2020;03:26:00;4.16;15:49:00;3.97;09:38:00;0.8;21:50:00;0.84;81;84
24/02/2020;03:58:00;4.23;16:18:00;4.01;10:11:00;0.74;22:22:00;0.8;85;86
25/02/2020;04:30:00;4.25;16:47:00;4.01;10:41:00;0.74;22:53:00;0.81;87;87
26/02/2020;05:00:00;4.21;17:16:00;3.97;11:11:00;0.8;23:22:00;0.88;86;84
27/02/2020;05:31:00;4.12;17:44:00;3.88;11:40:00;0.9;23:53:00;0.99;82;79
28/02/2020;06:02:00;3.99;18:14:00;3.76;12:11:00;1.04; ;  ;75;72
29/02/2020;06:35:00;3.81;18:48:00;3.6;00:26:00;1.14;12:44:00;1.22;67;62
01/03/2020;07:13:00;3.6;19:29:00;3.43;01:03:00;1.33;13:23:00;1.42;57;52
02/03/2020;08:02:00;3.38;20:26:00;3.26;01:47:00;1.53;14:11:00;1.62;46;41
03/03/2020;09:13:00;3.21;21:49:00;3.17;02:47:00;1.7;15:18:00;1.77;37;34
04/03/2020;10:42:00;3.16;23:20:00;3.25;04:10:00;1.78;16:45:00;1.79;33;36
05/03/2020;12:06:00;3.31; ;  ;05:41:00;1.64;18:07:00;1.62;41;
06/03/2020;00:34:00;3.49;13:10:00;3.58;06:51:00;1.35;19:09:00;1.32;47;56
07/03/2020;01:30:00;3.82;14:01:00;3.9;07:44:00;0.99;19:59:00;0.98;64;74
08/03/2020;02:18:00;4.17;14:45:00;4.21;08:30:00;0.62;20:44:00;0.64;82;91
09/03/2020;03:02:00;4.5;15:28:00;4.47;09:14:00;0.32;21:27:00;0.37;99;105
10/03/2020;03:45:00;4.75;16:10:00;4.62;09:57:00;0.12;22:11:00;0.2;110;114
11/03/2020;04:28:00;4.86;16:52:00;4.64;10:39:00;0.07;22:54:00;0.16;116;117
12/03/2020;05:12:00;4.82;17:34:00;4.53;11:23:00;0.18;23:38:00;0.28;115;111
13/03/2020;05:56:00;4.61;18:18:00;4.3;12:06:00;0.43; ;  ;106;100
14/03/2020;06:42:00;4.28;19:06:00;4.01;00:24:00;0.53;12:50:00;0.78;92;83
15/03/2020;07:34:00;3.89;20:01:00;3.69;01:14:00;0.86;13:40:00;1.17;74;64
16/03/2020;08:37:00;3.5;21:13:00;3.43;02:11:00;1.22;14:44:00;1.53;56;47
17/03/2020;10:08:00;3.24;22:46:00;3.33;03:24:00;1.51;16:08:00;1.75;41;38
18/03/2020;11:46:00;3.21; ;  ;04:56:00;1.62;17:40:00;1.73;37;
19/03/2020;00:09:00;3.42;12:59:00;3.34;06:21:00;1.52;18:50:00;1.56;40;45
20/03/2020;01:10:00;3.6;13:48:00;3.53;07:21:00;1.33;19:40:00;1.34;51;56
21/03/2020;01:55:00;3.79;14:25:00;3.7;08:05:00;1.13;20:20:00;1.14;62;67
22/03/2020;02:31:00;3.96;14:56:00;3.85;08:41:00;0.97;20:55:00;0.97;72;76
23/03/2020;03:03:00;4.09;15:24:00;3.97;09:13:00;0.84;21:26:00;0.86;80;82
24/03/2020;03:33:00;4.19;15:51:00;4.05;09:43:00;0.77;21:56:00;0.79;85;86
25/03/2020;04:03:00;4.23;16:18:00;4.08;10:11:00;0.74;22:25:00;0.77;87;88
26/03/2020;04:32:00;4.22;16:45:00;4.07;10:39:00;0.77;22:54:00;0.81;87;86
27/03/2020;05:01:00;4.16;17:13:00;4.01;11:08:00;0.85;23:24:00;0.9;85;83
28/03/2020;05:31:00;4.03;17:42:00;3.91;11:38:00;0.98;23:56:00;1.04;79;76
29/03/2020;06:04:00;3.86;18:15:00;3.76;12:10:00;1.15; ;  ;72;67
30/03/2020;06:41:00;3.65;18:55:00;3.58;00:32:00;1.22;12:47:00;1.35;62;56
31/03/2020;07:29:00;3.42;19:48:00;3.38;01:15:00;1.42;13:34:00;1.57;50;45
01/04/2020;08:41:00;3.23;21:10:00;3.25;02:13:00;1.61;14:40:00;1.76;40;36
02/04/2020;10:14:00;3.18;22:45:00;3.29;03:36:00;1.71;16:10:00;1.8;35;36
03/04/2020;11:40:00;3.33; ;  ;05:12:00;1.59;17:38:00;1.63;41;
04/04/2020;00:05:00;3.53;12:46:00;3.62;06:25:00;1.29;18:43:00;1.32;48;57
05/04/2020;01:05:00;3.87;13:37:00;3.96;07:19:00;0.92;19:35:00;0.95;66;76
06/04/2020;01:55:00;4.23;14:22:00;4.28;08:06:00;0.56;20:21:00;0.6;85;94
07/04/2020;02:40:00;4.56;15:04:00;4.53;08:49:00;0.28;21:05:00;0.32;101;107
08/04/2020;03:23:00;4.78;15:46:00;4.67;09:32:00;0.12;21:49:00;0.16;112;115
09/04/2020;04:07:00;4.85;16:28:00;4.68;10:15:00;0.12;22:33:00;0.15;117;116
10/04/2020;04:50:00;4.76;17:11:00;4.56;10:58:00;0.26;23:18:00;0.29;114;109
11/04/2020;05:35:00;4.52;17:55:00;4.34;11:41:00;0.54; ;  ;104;97
12/04/2020;06:20:00;4.16;18:41:00;4.04;00:04:00;0.55;12:26:00;0.9;89;80
13/04/2020;07:11:00;3.77;19:35:00;3.73;00:53:00;0.89;13:15:00;1.27;71;62
14/04/2020;08:14:00;3.4;20:44:00;3.47;01:50:00;1.25;14:18:00;1.6;53;45
15/04/2020;09:44:00;3.17;22:12:00;3.34;03:00:00;1.53;15:39:00;1.8;40;36
16/04/2020;11:19:00;3.16;23:34:00;3.38;04:29:00;1.65;17:08:00;1.79;36;38
17/04/2020;12:28:00;3.29; ;  ;05:51:00;1.58;18:18:00;1.64;42;
18/04/2020;00:36:00;3.52;13:17:00;3.47;06:50:00;1.41;19:09:00;1.44;47;52
19/04/2020;01:23:00;3.69;13:53:00;3.65;07:34:00;1.23;19:50:00;1.24;58;62
20/04/2020;02:00:00;3.85;14:24:00;3.81;08:09:00;1.07;20:25:00;1.08;67;71
21/04/2020;02:33:00;3.98;14:53:00;3.94;08:41:00;0.95;20:57:00;0.95;75;78
22/04/2020;03:04:00;4.09;15:21:00;4.03;09:11:00;0.86;21:27:00;0.87;81;82
23/04/2020;03:34:00;4.15;15:48:00;4.09;09:39:00;0.82;21:57:00;0.83;84;85
24/04/2020;04:04:00;4.15;16:16:00;4.1;10:08:00;0.83;22:28:00;0.83;85;85
25/04/2020;04:34:00;4.11;16:46:00;4.07;10:38:00;0.88;23:00:00;0.9;84;82
26/04/2020;05:06:00;4.01;17:18:00;3.98;11:10:00;0.99;23:35:00;1;79;77
27/04/2020;05:42:00;3.86;17:54:00;3.85;11:45:00;1.14; ;  ;73;69
28/04/2020;06:23:00;3.67;18:37:00;3.69;00:13:00;1.15;12:25:00;1.32;64;59
29/04/2020;07:14:00;3.46;19:33:00;3.51;00:59:00;1.33;13:15:00;1.52;54;49
30/04/2020;08:26:00;3.3;20:50:00;3.4;01:59:00;1.49;14:21:00;1.68;45;42
01/05/2020;09:52:00;3.28;22:17:00;3.44;03:16:00;1.56;15:44:00;1.71;41;42
02/05/2020;11:12:00;3.42;23:34:00;3.63;04:42:00;1.45;17:07:00;1.55;46;52
03/05/2020;12:17:00;3.68; ;  ;05:54:00;1.2;18:12:00;1.27;60;
04/05/2020;00:36:00;3.92;13:10:00;3.98;06:50:00;0.9;19:07:00;0.95;68;76
05/05/2020;01:29:00;4.22;13:56:00;4.25;07:39:00;0.61;19:55:00;0.64;84;91
06/05/2020;02:17:00;4.48;14:40:00;4.46;08:24:00;0.4;20:42:00;0.41;97;102
07/05/2020;03:02:00;4.63;15:23:00;4.58;09:08:00;0.31;21:28:00;0.29;106;108
08/05/2020;03:47:00;4.65;16:07:00;4.59;09:52:00;0.33;22:14:00;0.3;108;107
09/05/2020;04:31:00;4.54;16:50:00;4.48;10:36:00;0.48;23:00:00;0.43;105;101
10/05/2020;05:16:00;4.31;17:35:00;4.29;11:20:00;0.72;23:47:00;0.66;96;90
11/05/2020;06:02:00;4;18:22:00;4.04;12:06:00;1.02; ;  ;83;76
12/05/2020;06:52:00;3.67;19:14:00;3.78;00:37:00;0.94;12:56:00;1.32;69;61
13/05/2020;07:52:00;3.39;20:15:00;3.55;01:30:00;1.24;13:53:00;1.58;54;48
14/05/2020;09:07:00;3.2;21:28:00;3.4;02:32:00;1.48;15:03:00;1.74;43;39
15/05/2020;10:30:00;3.15;22:43:00;3.37;03:46:00;1.61;16:21:00;1.78;37;38
16/05/2020;11:39:00;3.24;23:48:00;3.43;05:02:00;1.61;17:30:00;1.69;39;43
17/05/2020;12:31:00;3.38; ;  ;06:03:00;1.51;18:26:00;1.55;46;
18/05/2020;00:40:00;3.55;13:12:00;3.54;06:51:00;1.37;19:11:00;1.39;51;55
19/05/2020;01:22:00;3.69;13:47:00;3.7;07:31:00;1.23;19:49:00;1.23;59;63
20/05/2020;01:59:00;3.82;14:19:00;3.83;08:05:00;1.1;20:24:00;1.1;67;70
21/05/2020;02:33:00;3.92;14:50:00;3.95;08:37:00;1;20:58:00;0.99;73;75
22/05/2020;03:06:00;4;15:20:00;4.03;09:09:00;0.94;21:31:00;0.92;77;79
23/05/2020;03:39:00;4.03;15:51:00;4.08;09:41:00;0.91;22:06:00;0.89;80;80
24/05/2020;04:13:00;4.02;16:25:00;4.08;10:14:00;0.93;22:42:00;0.9;80;80
25/05/2020;04:49:00;3.96;17:02:00;4.03;10:50:00;1;23:21:00;0.96;78;77
26/05/2020;05:29:00;3.85;17:43:00;3.94;11:29:00;1.1; ;  ;74;71
27/05/2020;06:14:00;3.71;18:30:00;3.81;00:04:00;1.05;12:14:00;1.24;68;64
28/05/2020;07:08:00;3.57;19:28:00;3.69;00:52:00;1.17;13:06:00;1.38;60;57
29/05/2020;08:14:00;3.45;20:36:00;3.61;01:49:00;1.28;14:08:00;1.49;54;51
30/05/2020;09:27:00;3.43;21:50:00;3.62;02:57:00;1.34;15:20:00;1.51;51;51
31/05/2020;10:40:00;3.52;23:02:00;3.73;04:11:00;1.29;16:34:00;1.42;54;57
01/06/2020;11:45:00;3.7; ;  ;05:20:00;1.15;17:41:00;1.23;62;
02/06/2020;00:07:00;3.9;12:42:00;3.91;06:20:00;0.96;18:39:00;1;67;73
03/06/2020;01:05:00;4.09;13:32:00;4.12;07:13:00;0.78;19:32:00;0.78;78;83
04/06/2020;01:56:00;4.25;14:19:00;4.29;08:02:00;0.65;20:23:00;0.61;87;91
05/06/2020;02:45:00;4.34;15:05:00;4.4;08:48:00;0.59;21:12:00;0.51;93;95
06/06/2020;03:31:00;4.35;15:49:00;4.42;09:34:00;0.61;22:00:00;0.51;95;95
07/06/2020;04:17:00;4.26;16:34:00;4.36;10:19:00;0.7;22:47:00;0.59;94;91
08/06/2020;05:01:00;4.1;17:18:00;4.23;11:04:00;0.86;23:33:00;0.74;88;84
09/06/2020;05:46:00;3.89;18:04:00;4.05;11:49:00;1.05; ;  ;80;74
10/06/2020;06:32:00;3.66;18:51:00;3.85;00:20:00;0.95;12:35:00;1.26;69;64
11/06/2020;07:22:00;3.46;19:42:00;3.66;01:07:00;1.16;13:25:00;1.45;59;53
12/06/2020;08:18:00;3.29;20:39:00;3.5;01:58:00;1.37;14:20:00;1.61;49;45
13/06/2020;09:24:00;3.2;21:42:00;3.39;02:54:00;1.52;15:23:00;1.71;42;40
14/06/2020;10:31:00;3.19;22:46:00;3.36;03:58:00;1.61;16:29:00;1.72;39;39
15/06/2020;11:32:00;3.27;23:46:00;3.41;05:02:00;1.6;17:31:00;1.66;41;43
16/06/2020;12:23:00;3.39; ;  ;05:58:00;1.53;18:24:00;1.55;46;
17/06/2020;00:38:00;3.5;13:07:00;3.54;06:46:00;1.41;19:10:00;1.41;50;53
18/06/2020;01:23:00;3.62;13:45:00;3.69;07:27:00;1.29;19:52:00;1.26;57;61
19/06/2020;02:03:00;3.74;14:21:00;3.83;08:05:00;1.16;20:31:00;1.11;64;67
20/06/2020;02:42:00;3.84;14:56:00;3.96;08:41:00;1.06;21:10:00;0.99;70;73
21/06/2020;03:19:00;3.93;15:32:00;4.06;09:18:00;0.98;21:49:00;0.89;75;77
22/06/2020;03:57:00;3.97;16:10:00;4.11;09:57:00;0.93;22:29:00;0.83;79;80
23/06/2020;04:37:00;3.98;16:51:00;4.13;10:37:00;0.93;23:11:00;0.82;80;80
24/06/2020;05:20:00;3.94;17:35:00;4.1;11:20:00;0.97;23:56:00;0.85;79;78
25/06/2020;06:06:00;3.87;18:24:00;4.03;12:05:00;1.04; ;  ;76;74
26/06/2020;06:57:00;3.76;19:17:00;3.93;00:44:00;0.92;12:56:00;1.14;72;69
27/06/2020;07:54:00;3.66;20:17:00;3.84;01:36:00;1.02;13:52:00;1.24;66;63
28/06/2020;08:58:00;3.59;21:22:00;3.77;02:33:00;1.12;14:54:00;1.31;61;60
29/06/2020;10:06:00;3.58;22:31:00;3.75;03:38:00;1.19;16:02:00;1.32;59;59
30/06/2020;11:15:00;3.65;23:41:00;3.78;04:47:00;1.19;17:12:00;1.25;60;62
01/07/2020;12:18:00;3.78; ;  ;05:52:00;1.14;18:17:00;1.13;65;
02/07/2020;00:46:00;3.86;13:14:00;3.94;06:52:00;1.04;19:17:00;0.98;68;71
03/07/2020;01:43:00;3.96;14:05:00;4.1;07:46:00;0.94;20:12:00;0.83;75;78
04/07/2020;02:35:00;4.04;14:52:00;4.22;08:35:00;0.86;21:03:00;0.73;80;83
05/07/2020;03:22:00;4.07;15:37:00;4.28;09:22:00;0.83;21:50:00;0.68;84;85
06/07/2020;04:06:00;4.05;16:20:00;4.28;10:06:00;0.83;22:35:00;0.69;85;85
07/07/2020;04:47:00;3.99;17:01:00;4.22;10:48:00;0.89;23:17:00;0.77;84;82
08/07/2020;05:27:00;3.88;17:42:00;4.11;11:29:00;1;23:58:00;0.9;80;77
09/07/2020;06:06:00;3.74;18:22:00;3.96;12:09:00;1.13; ;  ;74;70
10/07/2020;06:45:00;3.59;19:04:00;3.79;00:38:00;1.06;12:50:00;1.29;66;61
11/07/2020;07:27:00;3.44;19:49:00;3.62;01:18:00;1.24;13:33:00;1.45;57;53
12/07/2020;08:16:00;3.31;20:40:00;3.46;02:02:00;1.41;14:23:00;1.6;49;45
13/07/2020;09:14:00;3.22;21:39:00;3.34;02:52:00;1.56;15:21:00;1.71;42;39
14/07/2020;10:20:00;3.19;22:44:00;3.29;03:51:00;1.66;16:27:00;1.75;38;37
15/07/2020;11:26:00;3.25;23:49:00;3.33;04:55:00;1.67;17:32:00;1.7;38;40
16/07/2020;12:24:00;3.39; ;  ;05:56:00;1.6;18:31:00;1.57;43;
17/07/2020;00:47:00;3.43;13:13:00;3.56;06:50:00;1.47;19:22:00;1.39;47;51
18/07/2020;01:37:00;3.58;13:56:00;3.75;07:36:00;1.31;20:08:00;1.19;56;61
19/07/2020;02:21:00;3.74;14:36:00;3.94;08:19:00;1.14;20:51:00;0.99;65;70
20/07/2020;03:02:00;3.9;15:16:00;4.11;09:01:00;0.98;21:33:00;0.8;74;78
21/07/2020;03:43:00;4.03;15:57:00;4.25;09:42:00;0.85;22:15:00;0.66;82;85
22/07/2020;04:25:00;4.12;16:39:00;4.34;10:24:00;0.76;22:58:00;0.58;87;89
23/07/2020;05:07:00;4.15;17:23:00;4.36;11:07:00;0.72;23:41:00;0.58;90;90
24/07/2020;05:51:00;4.12;18:10:00;4.31;11:51:00;0.76; ;  ;90;88
25/07/2020;06:38:00;4.02;18:59:00;4.19;00:26:00;0.65;12:38:00;0.86;85;82
26/07/2020;07:29:00;3.87;19:53:00;4.02;01:14:00;0.8;13:29:00;1;78;73
27/07/2020;08:27:00;3.72;20:54:00;3.82;02:06:00;1;14:27:00;1.17;68;64
28/07/2020;09:34:00;3.6;22:05:00;3.66;03:06:00;1.2;15:34:00;1.31;60;56
29/07/2020;10:49:00;3.56;23:24:00;3.59;04:17:00;1.34;16:49:00;1.37;54;53
30/07/2020;12:02:00;3.64; ;  ;05:31:00;1.38;18:04:00;1.31;54;
31/07/2020;00:38:00;3.62;13:05:00;3.79;06:40:00;1.31;19:11:00;1.17;57;60
01/08/2020;01:40:00;3.72;13:58:00;3.97;07:38:00;1.18;20:07:00;1;64;68
02/08/2020;02:31:00;3.84;14:44:00;4.12;08:28:00;1.04;20:56:00;0.85;72;75
03/08/2020;03:14:00;3.93;15:25:00;4.23;09:12:00;0.93;21:39:00;0.76;78;81
04/08/2020;03:53:00;3.99;16:03:00;4.28;09:52:00;0.86;22:18:00;0.72;83;84
05/08/2020;04:28:00;4;16:39:00;4.27;10:29:00;0.85;22:55:00;0.75;84;84
06/08/2020;05:02:00;3.96;17:15:00;4.2;11:05:00;0.9;23:30:00;0.84;83;81
07/08/2020;05:35:00;3.88;17:49:00;4.08;11:39:00;1; ;  ;79;76
08/08/2020;06:07:00;3.76;18:24:00;3.92;00:03:00;0.97;12:13:00;1.14;73;69
09/08/2020;06:40:00;3.63;19:01:00;3.73;00:37:00;1.14;12:49:00;1.3;65;60
10/08/2020;07:18:00;3.48;19:44:00;3.54;01:14:00;1.32;13:30:00;1.49;56;51
11/08/2020;08:04:00;3.33;20:36:00;3.35;01:55:00;1.51;14:19:00;1.66;46;42
12/08/2020;09:06:00;3.21;21:44:00;3.22;02:46:00;1.67;15:21:00;1.8;38;35
13/08/2020;10:23:00;3.18;23:01:00;3.2;03:50:00;1.78;16:40:00;1.82;33;33
14/08/2020;11:40:00;3.28; ;  ;05:06:00;1.77;17:56:00;1.7;35;
15/08/2020;00:14:00;3.31;12:43:00;3.48;06:16:00;1.64;18:57:00;1.48;39;45
16/08/2020;01:13:00;3.51;13:33:00;3.73;07:12:00;1.42;19:47:00;1.2;51;57
17/08/2020;02:02:00;3.75;14:17:00;4;07:59:00;1.17;20:32:00;0.91;64;71
18/08/2020;02:45:00;3.99;14:59:00;4.26;08:42:00;0.91;21:14:00;0.65;78;84
19/08/2020;03:26:00;4.2;15:40:00;4.48;09:24:00;0.69;21:56:00;0.44;90;94
20/08/2020;04:06:00;4.36;16:22:00;4.62;10:06:00;0.53;22:38:00;0.33;99;101
21/08/2020;04:48:00;4.43;17:05:00;4.65;10:48:00;0.46;23:20:00;0.34;103;104
22/08/2020;05:30:00;4.39;17:49:00;4.57;11:31:00;0.49; ;  ;103;100
23/08/2020;06:14:00;4.26;18:36:00;4.37;00:03:00;0.47;12:17:00;0.63;96;91
24/08/2020;07:02:00;4.05;19:28:00;4.08;00:49:00;0.7;13:06:00;0.87;85;78
25/08/2020;07:56:00;3.8;20:29:00;3.77;01:38:00;1.01;14:02:00;1.14;71;63
26/08/2020;09:04:00;3.59;21:46:00;3.5;02:36:00;1.32;15:11:00;1.39;56;50
27/08/2020;10:29:00;3.49;23:18:00;3.4;03:52:00;1.55;16:36:00;1.52;46;44
28/08/2020;11:53:00;3.56; ;  ;05:18:00;1.61;18:01:00;1.46;46;
29/08/2020;00:38:00;3.47;12:59:00;3.73;06:34:00;1.5;19:09:00;1.28;49;54
30/08/2020;01:38:00;3.63;13:50:00;3.93;07:31:00;1.31;20:01:00;1.08;59;64
31/08/2020;02:24:00;3.79;14:31:00;4.1;08:17:00;1.11;20:44:00;0.91;69;74
01/09/2020;03:00:00;3.92;15:08:00;4.23;08:56:00;0.96;21:21:00;0.79;78;81
02/09/2020;03:33:00;4.02;15:41:00;4.3;09:32:00;0.85;21:55:00;0.74;84;85
03/09/2020;04:03:00;4.07;16:13:00;4.32;10:05:00;0.81;22:27:00;0.75;86;87
04/09/2020;04:32:00;4.08;16:44:00;4.27;10:37:00;0.84;22:57:00;0.81;87;86
05/09/2020;05:01:00;4.03;17:15:00;4.17;11:07:00;0.92;23:27:00;0.93;84;81
06/09/2020;05:30:00;3.93;17:46:00;4.02;11:38:00;1.04;23:57:00;1.08;78;75
07/09/2020;05:59:00;3.81;18:19:00;3.83;12:10:00;1.21; ;  ;71;66
08/09/2020;06:31:00;3.65;18:56:00;3.61;00:29:00;1.27;12:46:00;1.4;61;56
09/09/2020;07:10:00;3.48;19:44:00;3.39;01:06:00;1.48;13:30:00;1.61;51;45
10/09/2020;08:04:00;3.3;20:53:00;3.2;01:52:00;1.68;14:29:00;1.8;40;35
11/09/2020;09:26:00;3.2;22:22:00;3.15;02:56:00;1.85;15:52:00;1.88;31;30
12/09/2020;10:59:00;3.25;23:46:00;3.27;04:21:00;1.89;17:25:00;1.77;31;35
13/09/2020;12:14:00;3.47; ;  ;05:45:00;1.75;18:33:00;1.49;42;
14/09/2020;00:50:00;3.53;13:10:00;3.77;06:48:00;1.47;19:24:00;1.15;49;58
15/09/2020;01:40:00;3.83;13:55:00;4.11;07:37:00;1.15;20:08:00;0.81;67;75
16/09/2020;02:22:00;4.13;14:37:00;4.43;08:20:00;0.82;20:50:00;0.5;84;91
17/09/2020;03:03:00;4.4;15:18:00;4.69;09:02:00;0.54;21:31:00;0.28;98;104
18/09/2020;03:43:00;4.58;16:00:00;4.84;09:43:00;0.34;22:13:00;0.18;109;112
19/09/2020;04:24:00;4.66;16:43:00;4.85;10:26:00;0.27;22:55:00;0.23;113;113
20/09/2020;05:06:00;4.6;17:27:00;4.7;11:09:00;0.33;23:37:00;0.43;111;107
21/09/2020;05:50:00;4.43;18:13:00;4.41;11:55:00;0.53; ;  ;101;95
22/09/2020;06:36:00;4.16;19:05:00;4.03;00:23:00;0.74;12:44:00;0.84;87;78
23/09/2020;07:30:00;3.86;20:08:00;3.65;01:13:00;1.12;13:41:00;1.19;69;60
24/09/2020;08:41:00;3.59;21:36:00;3.36;02:12:00;1.48;14:53:00;1.5;51;45
25/09/2020;10:13:00;3.46;23:15:00;3.3;03:33:00;1.73;16:26:00;1.63;40;39
26/09/2020;11:40:00;3.53; ;  ;05:06:00;1.76;17:54:00;1.54;41;
27/09/2020;00:32:00;3.43;12:45:00;3.71;06:21:00;1.6;18:57:00;1.34;45;51
28/09/2020;01:25:00;3.61;13:33:00;3.91;07:15:00;1.38;19:44:00;1.14;57;63
29/09/2020;02:05:00;3.79;14:11:00;4.08;07:58:00;1.17;20:22:00;0.97;68;73
30/09/2020;02:37:00;3.95;14:44:00;4.21;08:34:00;1;20:55:00;0.85;78;81
01/10/2020;03:06:00;4.06;15:15:00;4.29;09:07:00;0.88;21:26:00;0.79;84;86
02/10/2020;03:34:00;4.14;15:45:00;4.32;09:38:00;0.83;21:55:00;0.79;87;88
03/10/2020;04:02:00;4.16;16:14:00;4.29;10:08:00;0.84;22:24:00;0.84;87;87
04/10/2020;04:29:00;4.13;16:44:00;4.2;10:36:00;0.9;22:52:00;0.94;85;83
05/10/2020;04:57:00;4.06;17:13:00;4.05;11:06:00;1.01;23:21:00;1.08;81;78
06/10/2020;05:25:00;3.94;17:45:00;3.87;11:38:00;1.16;23:52:00;1.26;74;69
07/10/2020;05:57:00;3.79;18:21:00;3.65;12:13:00;1.35; ;  ;65;59
08/10/2020;06:34:00;3.61;19:08:00;3.42;00:28:00;1.46;12:55:00;1.56;54;48
09/10/2020;07:25:00;3.42;20:18:00;3.22;01:14:00;1.68;13:52:00;1.75;43;37
10/10/2020;08:44:00;3.28;21:53:00;3.17;02:17:00;1.86;15:15:00;1.85;33;31
11/10/2020;10:22:00;3.3;23:18:00;3.31;03:45:00;1.92;16:53:00;1.74;32;36
12/10/2020;11:42:00;3.52; ;  ;05:14:00;1.77;18:04:00;1.45;43;
13/10/2020;00:23:00;3.59;12:41:00;3.85;06:19:00;1.47;18:56:00;1.1;51;60
14/10/2020;01:13:00;3.92;13:29:00;4.2;07:09:00;1.12;19:41:00;0.74;70;79
15/10/2020;01:56:00;4.24;14:13:00;4.53;07:54:00;0.77;20:23:00;0.44;88;96
16/10/2020;02:38:00;4.51;14:55:00;4.78;08:37:00;0.47;21:05:00;0.25;103;108
17/10/2020;03:19:00;4.7;15:38:00;4.9;09:20:00;0.28;21:47:00;0.19;112;115
18/10/2020;04:00:00;4.76;16:21:00;4.86;10:04:00;0.22;22:30:00;0.29;115;114
19/10/2020;04:43:00;4.69;17:06:00;4.65;10:49:00;0.31;23:14:00;0.53;111;107
20/10/2020;05:28:00;4.5;17:54:00;4.32;11:36:00;0.55; ;  ;100;93
21/10/2020;06:16:00;4.22;18:47:00;3.92;00:00:00;0.86;12:27:00;0.87;84;76
22/10/2020;07:11:00;3.9;19:52:00;3.55;00:51:00;1.23;13:25:00;1.23;66;58
23/10/2020;08:20:00;3.63;21:23:00;3.3;01:54:00;1.58;14:36:00;1.53;50;43
24/10/2020;09:48:00;3.49;22:56:00;3.27;03:13:00;1.79;16:06:00;1.65;39;38
25/10/2020;11:13:00;3.52; ;  ;04:41:00;1.81;17:30:00;1.58;40;
26/10/2020;00:07:00;3.4;12:17:00;3.66;05:53:00;1.66;18:30:00;1.42;44;49
27/10/2020;00:57:00;3.58;13:05:00;3.82;06:47:00;1.46;19:15:00;1.24;54;60
28/10/2020;01:35:00;3.75;13:43:00;3.97;07:30:00;1.26;19:52:00;1.09;64;69
29/10/2020;02:07:00;3.9;14:16:00;4.1;08:06:00;1.1;20:25:00;0.98;73;77
30/10/2020;02:36:00;4.03;14:47:00;4.18;08:39:00;0.99;20:55:00;0.91;79;82
31/10/2020;03:05:00;4.12;15:18:00;4.22;09:11:00;0.92;21:24:00;0.88;83;84
01/11/2020;03:33:00;4.16;15:47:00;4.21;09:41:00;0.91;21:53:00;0.91;85;84
02/11/2020;04:01:00;4.16;16:18:00;4.14;10:11:00;0.93;22:22:00;0.98;84;82
03/11/2020;04:30:00;4.11;16:49:00;4.02;10:42:00;1.01;22:53:00;1.09;80;78
04/11/2020;05:01:00;4.02;17:22:00;3.86;11:16:00;1.13;23:26:00;1.25;75;71
05/11/2020;05:35:00;3.89;18:01:00;3.67;11:53:00;1.28; ;  ;67;62
06/11/2020;06:15:00;3.72;18:50:00;3.47;00:05:00;1.43;12:37:00;1.46;58;52
07/11/2020;07:07:00;3.55;19:58:00;3.3;00:52:00;1.62;13:34:00;1.62;48;43
08/11/2020;08:20:00;3.42;21:24:00;3.26;01:54:00;1.78;14:48:00;1.71;39;38
09/11/2020;09:47:00;3.43;22:44:00;3.39;03:14:00;1.82;16:15:00;1.62;38;42
10/11/2020;11:04:00;3.6;23:49:00;3.63;04:36:00;1.7;17:27:00;1.38;47;54
11/11/2020;12:08:00;3.88; ;  ;05:44:00;1.44;18:23:00;1.08;62;
12/11/2020;00:42:00;3.93;13:00:00;4.19;06:38:00;1.12;19:12:00;0.78;71;79
13/11/2020;01:29:00;4.23;13:48:00;4.47;07:27:00;0.79;19:57:00;0.53;87;93
14/11/2020;02:13:00;4.47;14:34:00;4.67;08:13:00;0.53;20:41:00;0.38;100;104
15/11/2020;02:56:00;4.64;15:19:00;4.74;09:00:00;0.36;21:25:00;0.36;107;109
16/11/2020;03:40:00;4.7;16:05:00;4.67;09:46:00;0.31;22:10:00;0.46;109;108
17/11/2020;04:25:00;4.64;16:51:00;4.47;10:34:00;0.4;22:56:00;0.67;105;101
18/11/2020;05:12:00;4.48;17:40:00;4.17;11:23:00;0.6;23:44:00;0.95;96;89
19/11/2020;06:00:00;4.24;18:33:00;3.84;12:14:00;0.88; ;  ;82;75
20/11/2020;06:54:00;3.97;19:34:00;3.53;00:35:00;1.25;13:09:00;1.19;67;60
21/11/2020;07:55:00;3.72;20:50:00;3.32;01:33:00;1.52;14:13:00;1.45;53;47
22/11/2020;09:08:00;3.54;22:12:00;3.25;02:41:00;1.71;15:27:00;1.61;43;41
23/11/2020;10:25:00;3.49;23:21:00;3.32;03:57:00;1.78;16:44:00;1.62;40;41
24/11/2020;11:31:00;3.54; ;  ;05:08:00;1.71;17:47:00;1.54;44;
25/11/2020;00:15:00;3.45;12:25:00;3.64;06:07:00;1.58;18:36:00;1.41;47;52
26/11/2020;00:58:00;3.6;13:08:00;3.76;06:54:00;1.43;19:17:00;1.28;56;60
27/11/2020;01:34:00;3.75;13:46:00;3.87;07:35:00;1.28;19:52:00;1.16;63;67
28/11/2020;02:07:00;3.89;14:20:00;3.97;08:11:00;1.16;20:25:00;1.07;70;73
29/11/2020;02:38:00;4;14:53:00;4.03;08:45:00;1.06;20:56:00;1.01;75;77
30/11/2020;03:08:00;4.07;15:26:00;4.05;09:18:00;1;21:28:00;0.99;79;79
01/12/2020;03:39:00;4.11;15:59:00;4.03;09:52:00;0.97;22:00:00;1.01;80;79
02/12/2020;04:11:00;4.11;16:33:00;3.97;10:27:00;0.99;22:35:00;1.07;79;78
03/12/2020;04:46:00;4.06;17:10:00;3.87;11:04:00;1.05;23:12:00;1.17;76;73
04/12/2020;05:24:00;3.98;17:52:00;3.73;11:44:00;1.14;23:53:00;1.3;71;68
05/12/2020;06:07:00;3.86;18:41:00;3.59;12:29:00;1.26; ;  ;64;61
06/12/2020;06:58:00;3.74;19:41:00;3.47;00:41:00;1.43;13:21:00;1.37;57;54
07/12/2020;08:00:00;3.64;20:52:00;3.41;01:37:00;1.55;14:23:00;1.45;51;49
08/12/2020;09:12:00;3.61;22:04:00;3.47;02:44:00;1.6;15:35:00;1.44;49;50
09/12/2020;10:25:00;3.68;23:12:00;3.62;03:56:00;1.55;16:46:00;1.32;52;56
10/12/2020;11:32:00;3.84; ;  ;05:05:00;1.39;17:49:00;1.14;61;
11/12/2020;00:11:00;3.84;12:33:00;4.04;06:07:00;1.16;18:44:00;0.93;67;73
12/12/2020;01:04:00;4.07;13:28:00;4.23;07:03:00;0.92;19:34:00;0.76;79;84
13/12/2020;01:53:00;4.29;14:18:00;4.37;07:55:00;0.7;20:23:00;0.64;89;93
14/12/2020;02:40:00;4.45;15:07:00;4.43;08:46:00;0.54;21:10:00;0.59;96;98
15/12/2020;03:27:00;4.54;15:55:00;4.4;09:36:00;0.47;21:57:00;0.63;99;99
16/12/2020;04:13:00;4.53;16:42:00;4.27;10:24:00;0.5;22:44:00;0.75;97;95
17/12/2020;04:59:00;4.44;17:29:00;4.07;11:13:00;0.63;23:30:00;0.92;92;88
18/12/2020;05:46:00;4.27;18:16:00;3.84;12:00:00;0.82; ;  ;83;78
19/12/2020;06:33:00;4.06;19:06:00;3.61;00:17:00;1.13;12:49:00;1.06;72;67
20/12/2020;07:23:00;3.84;20:01:00;3.41;01:07:00;1.34;13:39:00;1.29;61;56
21/12/2020;08:18:00;3.63;21:03:00;3.28;02:00:00;1.53;14:35:00;1.49;51;47
22/12/2020;09:20:00;3.48;22:11:00;3.23;03:00:00;1.67;15:38:00;1.62;43;41
23/12/2020;10:27:00;3.4;23:16:00;3.27;04:07:00;1.74;16:45:00;1.66;40;40
24/12/2020;11:31:00;3.41; ;  ;05:12:00;1.72;17:45:00;1.61;42;
25/12/2020;00:11:00;3.38;12:27:00;3.48;06:11:00;1.63;18:36:00;1.51;44;47
26/12/2020;00:57:00;3.52;13:14:00;3.59;07:00:00;1.5;19:19:00;1.39;50;54
27/12/2020;01:38:00;3.67;13:55:00;3.7;07:43:00;1.35;19:57:00;1.26;58;62
28/12/2020;02:14:00;3.81;14:33:00;3.81;08:23:00;1.2;20:33:00;1.15;65;69
29/12/2020;02:49:00;3.94;15:09:00;3.9;09:00:00;1.07;21:09:00;1.05;71;74
30/12/2020;03:23:00;4.05;15:46:00;3.96;09:38:00;0.96;21:46:00;0.99;76;78
31/12/2020;03:59:00;4.12;16:23:00;3.98;10:16:00;0.89;22:23:00;0.96;79;80
